id,name,experience,vehicle,platenumber
WC00001,Jo K. W.,20 years,Honda ADV,B 1245 EMB
WC00002,Lord Kevin,5 years,Awan,BH 7315 GOD
WC00003,Gustaf Wangsa,8 months,Motorcycle,BK 1708 MDK
WC00004,Vinlir,2 years,Supra Bapak,D 5142 LOA
WC00005,Muh. Jidam,4 years,Bajaj,L 9134 NUR
WC00006,Rowan Tin,1 year,Nissan GTR R34,BK 1536 WNE
WC00007,Rama H.,3 years,Bajaj,BK 2222 TBG
WC00008,Putra H.P.,6 months,Motorcycle,B 1201 GRT
WC00009,Zaidan F.,1 year,Pickup,BH 1939 DAT
WC00010,Muh. Rizki,2 months,Pickup,B 4810 KUS
WC00011,B. Enda,3 years,Truck,DK 2041 LG
WC00012,Warde Salim,7 months,Truck,BK 4108 SUT
WC00013,Justin E.,9 months,Motorcycle,BM 4810 CFP
WC00014,Doe John,10 months,Pickup,L 5139 BCA
WC00015,Yokic N.,7 years,Pickup,D 1551 DNR
WC00016,Alek M.,3 months,Motorcycle,D 7393 BRM
WC00017,Sandirs C.,8 months,Motorcycle,D 851 KFC
WC00018,Mise Dap,2 years,Pickup,D 3810 CFC
WC00019,Sai Bok,2 years,Truck,D 1126 RPL
WC00020,La MMa,1 year,Pickup,D 1237 ZWF